tau,tp_low,tpr_low,tp_medium,tpr_medium,tp_high,tpr_high,global_fp,global_fpr
0.02,52,1.0,52,1.0,0,0.0,1,6e-06
1.0,52,1.0,52,1.0,0,0.0,50270,0.325122
5.0,52,1.0,52,1.0,1,0.019231,117870,0.762325
10.0,52,1.0,52,1.0,10,0.192308,124739,0.806751
15.0,52,1.0,52,1.0,11,0.211538,126596,0.818761
20.0,52,1.0,52,1.0,11,0.211538,127213,0.822751
28.0,52,1.0,52,1.0,27,0.519231,137775,0.891061
40.0,52,1.0,52,1.0,42,0.807692,148384,0.959675
65.0,52,1.0,52,1.0,52,1.0,154223,0.997439
